SEF,Tenor,Category,AssetClass,Currency,Notional_Local,Notional_USD,Trades,Trades_Estimated,Last_Price,Description,MXN_Match
BGC,1W,FX,CU,USD,50000000.0,,1,True,5.0,USDTHB CALL 33.3 TOKYO 13JUL2026 C1 BILATERAL,False
BGC,2W,FX,CU,USD,50000000.0,,1,True,7.45,USDTHB PUT 33.7 TOKYO 23JUL2026 P2 BILATERAL,False
BGC,1M,FX,CU,USD,10000000.0,,1,True,5.5,USDTRY CALL 50D LONDON 07AUG2026 C1 BILATERAL,False
BGC,1M,FX,CU,USD,10000000.0,,1,True,5.5,USDTRY PUT 50D LONDON 07AUG2026 P2 BILATERAL,False
BGC,ON,FX,CU,USD,32000000.0,,1,True,32.1956,USDTWD NDF 10JUL2026 BILATERAL,False
BGC,1W,FX,CU,USD,39000000.0,,1,True,32.18793,USDTWD NDF 13JUL2026 BILATERAL,False
BGC,1W,FX,CU,USD,47000000.0,,1,True,32.18027,USDTWD NDF 14JUL2026 BILATERAL,False
BGC,1W,FX,CU,USD,101000000.0,,1,True,32.1415,USDTWD NDF 15JUL2026 BILATERAL,False
BGC,1W,FX,CU,USD,66000000.0,,1,True,32.1496,USDTWD NDF 16JUL2026 BILATERAL,False
BGC,1W,FX,CU,USD,81000000.0,,1,True,32.15043,USDTWD NDF 17JUL2026 BILATERAL,False
BGC,2W,FX,CU,USD,152000000.0,,1,True,32.15127,USDTWD NDF 20JUL2026 BILATERAL,False
BGC,2W,FX,CU,USD,148000000.0,,1,True,32.1521,USDTWD NDF 21JUL2026 BILATERAL,False
BGC,2W,FX,CU,USD,119000000.0,,1,True,32.15293,USDTWD NDF 22JUL2026 BILATERAL,False
BGC,2W,FX,CU,USD,95000000.0,,1,True,32.12233,USDTWD NDF 23JUL2026 BILATERAL,False
BGC,2W,FX,CU,USD,25000000.0,,1,True,32.15627,USDTWD NDF 24JUL2026 BILATERAL,False
BGC,2W,FX,CU,USD,29000000.0,,1,True,32.124,USDTWD NDF 27JUL2026 BILATERAL,False
BGC,3W,FX,CU,USD,27000000.0,,1,True,32.12483,USDTWD NDF 28JUL2026 BILATERAL,False
BGC,3W,FX,CU,USD,7000000.0,,1,True,32.15877,USDTWD NDF 29JUL2026 BILATERAL,False
BGC,3W,FX,CU,USD,66000000.0,,1,True,32.16127,USDTWD NDF 30JUL2026 BILATERAL,False
BGC,3W,FX,CU,USD,41000000.0,,1,True,32.1621,USDTWD NDF 31JUL2026 BILATERAL,False
BGC,1M,FX,CU,USD,22000000.0,,1,True,32.16377,USDTWD NDF 04AUG2026 BILATERAL,False
BGC,1M,FX,CU,USD,70000000.0,,1,True,32.1646,USDTWD NDF 05AUG2026 BILATERAL,False
BGC,1M,FX,CU,USD,170000000.0,,1,True,32.1671,USDTWD NDF 06AUG2026 BILATERAL,False
BGC,1M,FX,CU,USD,28000000.0,,1,True,32.16793,USDTWD NDF 07AUG2026 BILATERAL,False
BGC,1M,FX,CU,USD,17000000.0,,1,True,32.16877,USDTWD NDF 10AUG2026 BILATERAL,False
BGC,1M,FX,CU,USD,444571425.0,,1,True,32.116,USDTWD NDF 11AUG2026 BILATERAL,False
BGC,1M,FX,CU,USD,52000000.0,,1,True,32.17044,USDTWD NDF 12AUG2026 BILATERAL,False
BGC,1M,FX,CU,USD,50000000.0,,1,True,32.17298,USDTWD NDF 13AUG2026 BILATERAL,False
BGC,1M,FX,CU,USD,8000000.0,,1,True,32.17382,USDTWD NDF 14AUG2026 BILATERAL,False
BGC,1M,FX,CU,USD,30000000.0,,1,True,32.14119,USDTWD NDF 17AUG2026 BILATERAL,False
BGC,1M,FX,CU,USD,30000000.0,,1,True,32.14197,USDTWD NDF 18AUG2026 BILATERAL,False
BGC,1M,FX,CU,USD,30000000.0,,1,True,32.14275,USDTWD NDF 19AUG2026 BILATERAL,False
BGC,1M,FX,CU,USD,7000000.0,,1,True,32.17888,USDTWD NDF 20AUG2026 BILATERAL,False
BGC,2M,FX,CU,USD,29000000.0,,1,True,32.18057,USDTWD NDF 24AUG2026 BILATERAL,False
BGC,2M,FX,CU,USD,11000000.0,,1,True,32.18479,USDTWD NDF 27AUG2026 BILATERAL,False
BGC,2M,FX,CU,USD,115000000.0,,1,True,32.18563,USDTWD NDF 28AUG2026 BILATERAL,False
BGC,2M,FX,CU,USD,1000000.0,,1,True,32.18732,USDTWD NDF 01SEP2026 BILATERAL,False
BGC,2M,FX,CU,USD,3000000.0,,1,True,32.19154,USDTWD NDF 04SEP2026 BILATERAL,False
BGC,2M,FX,CU,USD,1000000.0,,1,True,32.19238,USDTWD NDF 07SEP2026 BILATERAL,False
BGC,2M,FX,CU,USD,413000000.0,,1,True,32.156,USDTWD NDF 10SEP2026 BILATERAL,False
BGC,2M,FX,CU,USD,171000000.0,,1,True,32.19819,USDTWD NDF 14SEP2026 BILATERAL,False
BGC,2M,FX,CU,USD,2000000.0,,1,True,32.16705,USDTWD NDF 17SEP2026 BILATERAL,False
BGC,2M,FX,CU,USD,8000000.0,,1,True,32.20294,USDTWD NDF 18SEP2026 BILATERAL,False
BGC,2M,FX,CU,USD,42000000.0,,1,True,32.20374,USDTWD NDF 21SEP2026 BILATERAL,False
BGC,3M,FX,CU,USD,2000000.0,,1,True,32.17419,USDTWD NDF 24SEP2026 BILATERAL,False
BGC,3M,FX,CU,USD,2000000.0,,1,True,32.17974,USDTWD NDF 05OCT2026 BILATERAL,False
BGC,3M,FX,CU,USD,19000000.0,,1,True,32.2196,USDTWD NDF 08OCT2026 BILATERAL,False
BGC,3W,FX,CU,USD,20000000.0,,1,True,5.0,USDTWD CALL 31.88 TAIPEI 30JUL2026 C1 BILATERAL,False
BGC,18M,IRS / Swap,IR,BRL,2352000000.0,,1,True,14.02, IRS 20260709 20260709 18MBRL BRL 1T0 198 1T0 198 2 - CME,False
BGC,54M,IRS / Swap,IR,BRL,551000000.0,,1,True,14.205, IRS 20260709 20260709 54MBRL BRL 1T0 198 1T0 198 2 - CME,False
BGC,10Y,IRS / Swap,IR,AUD,212250000.0,,1,True,4.9525, IRS 20260709 20260710 10YAUD AUD 6M5 140 6M5 140 5 - LCH,False
BGC,12M,IRS / Swap,IR,HKD,300000000.0,,1,True,3.43, IRS 20260709 20260710 12MHKD HKD 3M5 138 3M5 138 5 - LCH,False
BGC,3Y,IRS / Swap,IR,AUD,604250000.0,,1,True,4.4375, IRS 20260709 20260710 3YAUD AUD 3M5 140 3M5 140 5 - LCH,False
BGC,10Y,IRS / Swap,IR,EUR,25000000.0,,1,True,3.0038, IRS 20260709 20260713 10YEUR EUR 12M1 44 3M1 167 11 - ERX,False
BGC,10Y,IRS / Swap,IR,EUR,25000000.0,,1,True,3.0038, IRS 20260709 20260713 10YEUR EUR 12M1 44 3M1 167 5 - LCH,False
BGC,10Y,IRS / Swap,IR,EUR,856600000.0,,1,True,3.11028, IRS 20260709 20260713 10YEUR EUR 12M2 167 6M1 167 5 - LCH,False
BGC,10Y,IRS / Swap,IR,EUR,347600000.0,,1,True,3.1218, IRS 20260709 20260713 10YEUR EUR 12M2 44 6M1 167 11 - ERX,False
BGC,10Y,IRS / Swap,IR,EUR,867400000.0,,1,True,3.1077, IRS 20260709 20260713 10YEUR EUR 12M2 44 6M1 167 5 - LCH,False
BGC,12M,IRS / Swap,IR,CLP,28500000000.0,,1,True,4.485, IRS 20260709 20260713 12MCLP CLP 1T1 86 1T1 86 2 - CME,False
BGC,12Y,IRS / Swap,IR,EUR,100000000.0,,1,True,3.063, IRS 20260709 20260713 12YEUR EUR 12M2 167 1M1 167 5 - LCHFCM,False
BGC,12Y,IRS / Swap,IR,EUR,100000000.0,,1,True,3.122, IRS 20260709 20260713 12YEUR EUR 12M2 167 3M1 167 5 - LCH,False
BGC,15Y,IRS / Swap,IR,EUR,100000000.0,,1,True,3.27875, IRS 20260709 20260713 15YEUR EUR 12M2 167 6M1 167 5 - LCHFCM,False
BGC,15Y,IRS / Swap,IR,EUR,330100000.0,,1,True,3.2823, IRS 20260709 20260713 15YEUR EUR 12M2 44 6M1 167 11 - ERX,False
BGC,15Y,IRS / Swap,IR,EUR,370200000.0,,1,True,3.2668, IRS 20260709 20260713 15YEUR EUR 12M2 44 6M1 167 5 - LCHFCM,False
BGC,20Y,IRS / Swap,IR,EUR,25000000.0,,1,True,3.3343, IRS 20260709 20260713 20YEUR EUR 12M2 167 6M1 167 11 - ERX,False
BGC,20Y,IRS / Swap,IR,EUR,25000000.0,,1,True,3.3288, IRS 20260709 20260713 20YEUR EUR 12M2 167 6M1 167 5 - LCH,False
BGC,20Y,IRS / Swap,IR,EUR,32500000.0,,1,True,3.3356, IRS 20260709 20260713 20YEUR EUR 12M2 44 6M1 167 5 - LCH,False
BGC,2Y,IRS / Swap,IR,CLP,105600000000.0,,1,True,4.475, IRS 20260709 20260713 2YCLP CLP 6M1 86 6M1 86 2 - CME,False
BGC,30Y,IRS / Swap,IR,EUR,20000000.0,,1,True,3.2192, IRS 20260709 20260713 30YEUR EUR 12M1 167 3M1 167 5 - LCH,False
BGC,30Y,IRS / Swap,IR,EUR,75000000.0,,1,True,3.2197, IRS 20260709 20260713 30YEUR EUR 12M1 44 3M1 167 5 - LCH,False
BGC,30Y,IRS / Swap,IR,EUR,256200000.0,,1,True,3.278, IRS 20260709 20260713 30YEUR EUR 12M2 167 6M1 167 5 - LCH,False
BGC,30Y,IRS / Swap,IR,EUR,50000000.0,,1,True,3.2764, IRS 20260709 20260713 30YEUR EUR 12M2 44 6M1 167 11 - ERX,False
BGC,30Y,IRS / Swap,IR,EUR,250000000.0,,1,True,3.2717, IRS 20260709 20260713 30YEUR EUR 12M2 44 6M1 167 5 - LCHFCM,False
BGC,3Y,IRS / Swap,IR,CLP,16400000000.0,,1,True,4.565, IRS 20260709 20260713 3YCLP CLP 6M1 86 6M1 86 2 - CME,False
BGC,3Y,IRS / Swap,IR,EUR,405900000.0,,1,True,2.7725, IRS 20260709 20260713 3YEUR EUR 12M2 167 3M1 167 5 - LCHFCM,False
BGC,3Y,IRS / Swap,IR,EUR,405900000.0,,1,True,2.881, IRS 20260709 20260713 3YEUR EUR 12M2 167 6M1 167 5 - LCH,False
BGC,4Y,IRS / Swap,IR,CLP,7500000000.0,,1,True,4.675, IRS 20260709 20260713 4YCLP CLP 6M1 86 6M1 86 2 - CME,False
BGC,4Y,IRS / Swap,IR,EUR,250000000.0,,1,True,2.8089, IRS 20260709 20260713 4YEUR EUR 12M2 44 3M1 167 5 - LCHFCM,False
BGC,4Y,IRS / Swap,IR,EUR,250000000.0,,1,True,2.9124, IRS 20260709 20260713 4YEUR EUR 12M2 44 6M1 167 5 - LCH,False
BGC,5Y,IRS / Swap,IR,CLP,6200000000.0,,1,True,4.775, IRS 20260709 20260713 5YCLP CLP 6M1 86 6M1 86 2 - CME,False
BGC,5Y,IRS / Swap,IR,EUR,250000000.0,,1,True,2.7733, IRS 20260709 20260713 5YEUR EUR 12M1 44 3M1 167 5 - LCHFCM,False
BGC,5Y,IRS / Swap,IR,EUR,200000000.0,,1,True,2.823, IRS 20260709 20260713 5YEUR EUR 12M2 167 3M1 167 5 - LCH,False
BGC,5Y,IRS / Swap,IR,EUR,1506200000.0,,1,True,2.90979, IRS 20260709 20260713 5YEUR EUR 12M2 167 6M1 167 5 - LCH,False
BGC,5Y,IRS / Swap,IR,EUR,250000000.0,,1,True,2.8368, IRS 20260709 20260713 5YEUR EUR 12M2 44 3M1 167 5 - LCH,False
BGC,5Y,IRS / Swap,IR,EUR,263300000.0,,1,True,2.9175, IRS 20260709 20260713 5YEUR EUR 12M2 44 6M1 167 5 - LCH,False
BGC,7Y,IRS / Swap,IR,EUR,150000000.0,,1,True,3.0092, IRS 20260709 20260713 7YEUR EUR 12M2 167 6M1 167 11 - ERX,False
BGC,7Y,IRS / Swap,IR,EUR,150000000.0,,1,True,3.0067, IRS 20260709 20260713 7YEUR EUR 12M2 167 6M1 167 5 - LCH,False
BGC,7Y,IRS / Swap,IR,EUR,250000000.0,,1,True,2.9925, IRS 20260709 20260713 7YEUR EUR 12M2 44 6M1 167 5 - LCHFCM,False
BGC,94M,IRS / Swap,IR,EUR,10700000.0,,1,True,3.0429, IRS 20260709 20260713 94MEUR EUR 12M2 167 6M1 167 5 - LCH,False
BGC,Other,Other,CD,EUR,200000000.0,,1,True,51.5,S45 EUR 5Y. .LCH,False
BGC,2W,FX,CU,AUD,30000000.0,,1,True,6.35,AUDJPY PUT 112.5 NEW YORK 21JUL2026 P1 BILATERAL,False
BGC,2W,FX,CU,AUD,30000000.0,,1,True,6.35,AUDUSD PUT 0.6925 NEW YORK 20JUL2026 P1 BILATERAL,False
BGC,1W,FX,CU,EUR,50000000.0,,1,True,3.3,EURGBP CALL 24D NEW YORK 16JUL2026 C1 BILATERAL,False
BGC,6M,FX,CU,EUR,225000000.0,,1,True,3.85,EURGBP PUT 10D NEW YORK 11NOV2026 P1 BILATERAL,False
BGC,6M,FX,CU,EUR,50000000.0,,1,True,3.7,EURGBP PUT 25D NEW YORK 11NOV2026 P1 BILATERAL,False
BGC,1W,FX,CU,EUR,50000000.0,,1,True,3.35,EURGBP PUT 24D NEW YORK 16JUL2026 P2 BILATERAL,False
BGC,1W,FX,CU,EUR,30000000.0,,1,True,5.0,EURJPY CALL 186 NEW YORK 15JUL2026 C1 BILATERAL,False
BGC,2W,FX,CU,EUR,60000000.0,,1,True,5.1,EURJPY PUT 185.25 NEW YORK 27JUL2026 P1 BILATERAL,False
BGC,2W,FX,CU,EUR,30000000.0,,1,True,5.1,EURJPY PUT 185.25 NEW YORK 27JUL2026 P1 BILATERAL,False
BGC,18M,FX,CU,EUR,22000000.0,,1,True,7.025,EURUSD CALL 10D NEW YORK 11JAN2028 C1 BILATERAL,False
BGC,18M,FX,CU,EUR,44000000.0,,1,True,7.025,EURUSD CALL 10D NEW YORK 11JAN2028 C2 BILATERAL,False
BGC,18M,FX,CU,EUR,5000000.0,,1,True,6.375,EURUSD CALL 48D NEW YORK 11JAN2028 C2 BILATERAL,False
BGC,18M,FX,CU,EUR,10000000.0,,1,True,6.375,EURUSD CALL 48D NEW YORK 11JAN2028 C3 BILATERAL,False
BGC,6M,FX,CU,EUR,75000000.0,,1,True,5.525,EURUSD CALL 50D NEW YORK 10DEC2026 C1 BILATERAL,False
BGC,2W,FX,CU,EUR,50000000.0,,1,True,5.1,EURUSD CALL 25D NEW YORK 23JUL2026 C1 BILATERAL,False
BGC,6M,FX,CU,EUR,62500000.0,,1,True,5.525,EURUSD CALL 50D NEW YORK 10DEC2026 C1 BILATERAL,False
BGC,1Y,FX,CU,EUR,90000000.0,,1,True,6.075,EURUSD CALL 49D NEW YORK 09JUL2027 C1 BILATERAL,False
BGC,18M,FX,CU,EUR,110500000.0,,1,True,7.025,EURUSD CALL 10D NEW YORK 11JAN2028 C2 BILATERAL,False
BGC,18M,FX,CU,EUR,25000000.0,,1,True,6.375,EURUSD CALL 48D NEW YORK 11JAN2028 C3 BILATERAL,False
BGC,6M,IRS / Swap,IR,EUR,350000000.0,,1,True,2.507, IRS 20260709 20260715 6MEUR EUR 12M1 167 3M1 167 5 - LCH,False
BGC,6M,IRS / Swap,IR,EUR,500000000.0,,1,True,2.561, IRS 20260709 20260810 6MEUR EUR 12M1 167 3M1 167 5 - LCH,False
BGC,6M,IRS / Swap,IR,EUR,3000000000.0,,1,True,2.6245, IRS 20260709 20260916 6MEUR EUR 12M1 167 3M1 167 11 - ERX,False
BGC,6M,IRS / Swap,IR,EUR,1000000000.0,,1,True,2.6245, IRS 20260709 20260916 6MEUR EUR 12M1 167 3M1 167 5 - LCH,False
BGC,6M,IRS / Swap,IR,EUR,3000000000.0,,1,True,2.6245, IRS 20260709 20260916 6MEUR EUR 12M1 44 3M1 167 5 - LCH,False
BGC,6M,IRS / Swap,IR,EUR,1000000000.0,,1,True,2.7325, IRS 20260709 20270915 6MEUR EUR 12M1 167 3M1 167 11 - ERX,False
BGC,6M,IRS / Swap,IR,EUR,1000000000.0,,1,True,2.762, IRS 20260709 20270915 6MEUR EUR 12M1 167 3M1 167 5 - LCHFCM,False
BGC,6M,IRS / Swap,IR,EUR,1000000000.0,,1,True,2.735, IRS 20260709 20280621 6MEUR EUR 12M1 44 3M1 167 5 - LCH,False
BGC,12M,IRS / Swap,IR,PLN,312000000.0,,1,True,3.93, IRS 20260709 20280713 12MPLN PLN 12M6 163 3M5 163 5 - LCHFCM,False
BGC,5Y,IRS / Swap,IR,AUD,90750000.0,,1,True,21.375, SBS 20260709 20260710 5YAUD AUD 6M5 140 3M5 140 5 - LCH,False
BGC,6Y,IRS / Swap,IR,AUD,77250000.0,,1,True,20.625, SBS 20260709 20260710 6YAUD AUD 6M5 140 3M5 140 5 - LCH,False
BGC,10Y,IRS / Swap,IR,AUD,63250000.0,,1,True,18.0, SBS 20260709 20260916 10YAUD AUD 6M5 140 3M5 140 5 - LCH,False
BGC,5Y,IRS / Swap,IR,AUD,113500000.0,,1,True,21.625, SBS 20260709 20260916 5YAUD AUD 6M5 140 3M5 140 5 - LCH,False
BGC,3M,IRS / Swap,IR,EUR,1600000000.0,,1,True,2.394, FRA 20260709 20260715 3MEUR EUR 3M1 167 3M1 167 5 - LCH,False
BGC,6M,IRS / Swap,IR,EUR,1000000000.0,,1,True,2.624, FRA 20260709 20260715 6MEUR EUR 3M1 167 3M1 167 5 - LCHFCM,False
BGC,6M,IRS / Swap,IR,EUR,350000000.0,,1,True,2.624, FRA 20260709 20260715 6MEUR EUR 3M1 167 6M1 167 5 - LCH,False
BGC,6M,IRS / Swap,IR,EUR,500000000.0,,1,True,2.675, FRA 20260709 20260810 6MEUR EUR 3M1 167 6M1 167 5 - LCH,False
BGC,6M,IRS / Swap,IR,EUR,100000000.0,,1,True,2.742, FRA 20260709 20260916 6MEUR EUR 3M1 167 3M1 167 5 - LCH,False
BGC,6M,IRS / Swap,IR,EUR,3000000000.0,,1,True,2.735, FRA 20260709 20260916 6MEUR EUR 3M1 167 6M1 167 11 - ERX,False
BGC,18M,FX,CU,EUR,10000000.0,,1,True,6.375,EURUSD PUT 48D NEW YORK 11JAN2028 P1 BILATERAL,False
BGC,18M,FX,CU,EUR,5000000.0,,1,True,6.375,EURUSD PUT 48D NEW YORK 11JAN2028 P3 BILATERAL,False
BGC,2W,FX,CU,EUR,150000000.0,,1,True,5.15,EURUSD PUT 1.14 NEW YORK 22JUL2026 P1 BILATERAL,False
BGC,6M,FX,CU,EUR,75000000.0,,1,True,5.525,EURUSD PUT 49D NEW YORK 10DEC2026 P2 BILATERAL,False
BGC,ON,FX,CU,EUR,30000000.0,,1,True,4.75,EURUSD PUT 1.143 NEW YORK 10JUL2026 P1 BILATERAL,False
BGC,ON,FX,CU,EUR,30000000.0,,1,True,4.5,EURUSD PUT 1.143 NEW YORK 10JUL2026 P1 BILATERAL,False
BGC,2W,FX,CU,EUR,100000000.0,,1,True,5.15,EURUSD PUT 1.14 NEW YORK 22JUL2026 P1 BILATERAL,False
BGC,2W,FX,CU,EUR,50000000.0,,1,True,5.6,EURUSD PUT 25D NEW YORK 23JUL2026 P2 BILATERAL,False
BGC,6M,FX,CU,EUR,62500000.0,,1,True,5.525,EURUSD PUT 49D NEW YORK 10DEC2026 P2 BILATERAL,False
BGC,1Y,FX,CU,EUR,90000000.0,,1,True,6.075,EURUSD PUT 49D NEW YORK 09JUL2027 P2 BILATERAL,False
BGC,18M,FX,CU,EUR,25000000.0,,1,True,6.375,EURUSD PUT 48D NEW YORK 11JAN2028 P1 BILATERAL,False
BGC,1W,FX,CU,GBP,20000000.0,,1,True,5.5,GBPUSD CALL 1.345 NEW YORK 16JUL2026 C1 BILATERAL,False
BGC,1W,FX,CU,GBP,30000000.0,,1,True,5.5,GBPUSD CALL 1.345 NEW YORK 16JUL2026 C1 BILATERAL,False
BGC,ON,FX,CU,GBP,75000000.0,,1,True,7.9,GBPUSD PUT 1.334 NEW YORK 10JUL2026 P1 BILATERAL,False
BGC,ON,FX,CU,GBP,75000000.0,,1,True,7.25,GBPUSD PUT 1.338 NEW YORK 10JUL2026 P2 BILATERAL,False
BGC,1W,FX,CU,GBP,50000000.0,,1,True,3.95,GBPUSD PUT 1.341 NEW YORK 13JUL2026 P1 BILATERAL,False
BGC,1W,FX,CU,GBP,50000000.0,,1,True,5.55,GBPUSD PUT 1.341 NEW YORK 15JUL2026 P2 BILATERAL,False
BGC,ON,FX,CU,GBP,20000000.0,,1,True,6.25,GBPUSD PUT 1.338 NEW YORK 10JUL2026 P2 BILATERAL,False
BGC,ON,FX,CU,GBP,30000000.0,,1,True,6.25,GBPUSD PUT 1.338 NEW YORK 10JUL2026 P2 BILATERAL,False
BGC,1M,FX,CU,USD,48900000.0,,1,True,5.165,USDBRL 5.165 PUT SAO PAULO 18AUG2026 H 3 BILATERAL,False
BGC,1Y,FX,CU,USD,6600000.0,,1,True,5.537,USDBRL 5.537 BUTTERFLY SAO PAULO 09JUL2027 H 5 BILATERAL,False
BGC,2W,FX,CU,USD,350000.0,,1,True,18096.0,USDIDR 18096 STRADDLE JAKARTA 23JUL2026 H 3 BILATERAL,False
BGC,1W,FX,CU,USD,17500000.0,,1,True,18113.0,USDIDR 18113 PUT JAKARTA 14JUL2026 H 3 BILATERAL,False
BGC,6M,IRS / Swap,IR,EUR,4000000000.0,,1,True,2.735, FRA 20260709 20260916 6MEUR EUR 3M1 167 6M1 167 5 - LCH,False
BGC,6M,IRS / Swap,IR,EUR,1000000000.0,,1,True,2.847, FRA 20260709 20270915 6MEUR EUR 3M1 167 6M1 167 11 - ERX,False
BGC,6M,IRS / Swap,IR,EUR,1000000000.0,,1,True,2.875, FRA 20260709 20270915 6MEUR EUR 3M1 167 6M1 167 5 - LCHFCM,False
BGC,6M,IRS / Swap,IR,EUR,1000000000.0,,1,True,2.837, FRA 20260709 20280621 6MEUR EUR 3M1 167 6M1 167 5 - LCHFCM,False
BGC,3M,IRS / Swap,IR,EUR,7519000000.0,,1,True,2.789, FRA 20260709 20290620 3MEUR EUR 3M1 167 3M1 167 5 - LCH,False
BGC,1Y,IRS / Swap,IR,USD,32256100.0,,1,True,3.77882, ZCI 20260709 20250901 1YUSD USD 1M8 0 1Y8 0 5 - LCHFCM,False
BGC,1Y,IRS / Swap,IR,USD,64512200.0,,1,True,3.77262, ZCI 20260709 20250901 1YUSD USD 1Y8 0 1Y8 0 5 - LCH,False
BGC,1Y,IRS / Swap,IR,USD,25000000.0,,1,True,2.26, ZCI 20260709 20260713 1YUSD USD 1M8 0 1Y8 0 5 - LCH,False
BGC,1Y,IRS / Swap,IR,USD,350000000.0,,1,True,2.16, ZCI 20260709 20260713 1YUSD USD 1Y8 0 1Y8 0 5 - LCHFCM,False
BGC,2Y,IRS / Swap,IR,USD,25000000.0,,1,True,2.3575, ZCI 20260709 20260713 2YUSD USD 1M8 0 2Y8 0 5 - LCH,False
BGC,3Y,IRS / Swap,IR,USD,40500000.0,,1,True,2.39875, ZCI 20260709 20260713 3YUSD USD 1M8 0 3Y8 0 5 - LCH,False
BGC,5Y,IRS / Swap,IR,USD,25000000.0,,1,True,2.4125, ZCI 20260709 20260713 5YUSD USD 1M8 0 5Y8 0 5 - LCH,False
BGC,6Y,IRS / Swap,IR,USD,143500000.0,,1,True,2.4175, ZCI 20260709 20260713 6YUSD USD 1Y8 0 6Y8 0 5 - LCH,False
BGC,7Y,IRS / Swap,IR,USD,125000000.0,,1,True,2.40625, ZCI 20260709 20260713 7YUSD USD 1M8 0 7Y8 0 5 - LCH,False
BGC,10Y,IRS / Swap,IR,CAD,100000000.0,,1,True,3.2771, OIS 20260709 20260710 10YCAD CAD 6M5 129 6M5 129 5 - LCH,False
BGC,12M,IRS / Swap,IR,AUD,173000000.0,,1,True,4.525, OIS 20260709 20260710 12MAUD AUD 12M5 62 12M5 62 5 - LCH,False
BGC,12M,IRS / Swap,IR,TRY,1755000000.0,,1,True,37.81, OIS 20260709 20260710 12MTRY TRY 3M5 179 3M5 179 0,False
BGC,1M,IRS / Swap,IR,TRY,8475000000.0,,1,True,39.45, OIS 20260709 20260710 1MTRY TRY 3M5 106 3M5 106 0,False
BGC,1M,IRS / Swap,IR,TRY,5500000000.0,,1,True,39.45, OIS 20260709 20260710 1MTRY TRY 3M5 179 3M5 179 0,False
BGC,2Y,IRS / Swap,IR,INR,5170000000.0,,1,True,5.95, OIS 20260709 20260710 2YINR INR 6M5 184 6M5 184 5 - LCH,False
BGC,1W,FX,CU,USD,15000000.0,,1,True,18126.0,USDIDR 18126 PUT JAKARTA 14JUL2026 H 3 BILATERAL,False
BGC,1M,FX,CU,USD,600000.0,,1,True,95.61,USDINR 95.61 STRADDLE MUMBAI 11AUG2026 H 3 BILATERAL,False
BGC,1W,FX,CU,USD,115000.0,,1,True,1508.75,USDKRW 1508.75 STRADDLE VS STRADDLE SEOUL 16JUL2026 H 5 BILATERAL,False
BGC,1W,FX,CU,USD,3400000.0,,1,True,61.59,USDPHP 61.59 CALL MANILA 16JUL2026 H 2 BILATERAL,False
BGC,3W,FX,CU,USD,4000000.0,,1,True,32.15,USDTWD 32.15 CALL TAIPEI 30JUL2026 H 2 BILATERAL,False
BGC,ON,FX,CU,USD,69607000.0,,1,True,5.1412,USDBRL NDF 09JUL2026 BILATERAL,False
BGC,3W,FX,CU,USD,378063000.0,,1,True,5.14679,USDBRL NDF 31JUL2026 BILATERAL,False
BGC,2M,FX,CU,USD,300000000.0,,1,True,5.1895,USDBRL NDF 31AUG2026 BILATERAL,False
BGC,1M,FX,CU,USD,100000000.0,,1,True,9.85,USDBRL CALL 25D SAO PAULO 18AUG2026 C1 BILATERAL,False
BGC,1Y,FX,CU,USD,25000000.0,,1,True,14.3,USDBRL CALL 51D SAO PAULO 09JUL2027 C1 BILATERAL,False
BGC,1Y,FX,CU,USD,65000000.0,,1,True,15.225,USDBRL CALL 10D SAO PAULO 09JUL2027 C3 BILATERAL,False
BGC,1M,FX,CU,USD,110000000.0,,1,True,12.2,USDBRL PUT 25D SAO PAULO 18AUG2026 P2 BILATERAL,False
BGC,1Y,FX,CU,USD,25000000.0,,1,True,14.3,USDBRL PUT 45D SAO PAULO 09JUL2027 P2 BILATERAL,False
BGC,1Y,FX,CU,USD,65000000.0,,1,True,15.225,USDBRL PUT 10D SAO PAULO 09JUL2027 P4 BILATERAL,False
BGC,1Y,FX,CU,USD,10000000.0,,1,True,4.85,USDCAD CALL 48D NEW YORK 09JUL2027 C1 BILATERAL,False
BGC,6M,FX,CU,USD,100000000.0,,1,True,4.45,USDCAD CALL 1.4 NEW YORK 08DEC2026 C1 BILATERAL,False
BGC,1Y,FX,CU,USD,100000000.0,,1,True,4.875,USDCAD CALL 1.39 NEW YORK 23JUN2027 C2 BILATERAL,False
BGC,1Y,FX,CU,USD,10000000.0,,1,True,4.85,USDCAD PUT 48D NEW YORK 09JUL2027 P2 BILATERAL,False
BGC,1W,FX,CU,USD,50000000.0,,1,True,4.85,USDCHF PUT 0.8075 NEW YORK 13JUL2026 P1 BILATERAL,False
BGC,ON,FX,CU,USD,15000000.0,,1,True,930.0,USDCLP NDF 10JUL2026 BILATERAL,False
BGC,1W,FX,CU,USD,40000000.0,,1,True,930.0,USDCLP NDF 15JUL2026 BILATERAL,False
BGC,2W,FX,CU,USD,40000000.0,,1,True,929.96,USDCLP NDF 23JUL2026 BILATERAL,False
BGC,1M,FX,CU,USD,35000000.0,,1,True,929.6,USDCLP NDF 11AUG2026 BILATERAL,False
BGC,ON,FX,CU,USD,42000000.0,,1,True,6.801,USDCNY NDF 10JUL2026 BILATERAL,False
BGC,1W,FX,CU,USD,4000000.0,,1,True,6.8015,USDCNY NDF 13JUL2026 BILATERAL,False
BGC,5Y,IRS / Swap,IR,INR,1130000000.0,,1,True,6.195, OIS 20260709 20260710 5YINR INR 6M5 184 6M5 184 5 - LCH,False
BGC,5Y,IRS / Swap,IR,TRY,600000000.0,,1,True,33.15, OIS 20260709 20260710 5YTRY TRY 3M5 106 3M5 106 0,False
BGC,9M,IRS / Swap,IR,TRY,2235000000.0,,1,True,38.35, OIS 20260709 20260710 9MTRY TRY 3M5 179 3M5 179 0,False
BGC,9Y,IRS / Swap,IR,CAD,109000000.0,,1,True,3.218, OIS 20260709 20260710 9YCAD CAD 6M5 129 6M5 129 5 - LCH,False
BGC,10Y,IRS / Swap,IR,EUR,25000000.0,,1,True,2.8888, OIS 20260709 20260713 10YEUR EUR 12M1 178 12M1 178 11 - ERX,False
BGC,10Y,IRS / Swap,IR,EUR,25000000.0,,1,True,2.8888, OIS 20260709 20260713 10YEUR EUR 12M1 44 12M1 178 5 - LCHFCM,False
BGC,10Y,IRS / Swap,IR,MXN,1250000000.0,,1,True,8.09, OIS 20260709 20260713 10YMXN MXN 28D1 200 28D1 200 2 - CME,True
BGC,10Y,IRS / Swap,IR,USD,900000000.0,,1,True,4.10837, OIS 20260709 20260713 10YUSD USD 12M1 22 12M1 176 5 - LCH,False
BGC,1Y,IRS / Swap,IR,MXN,2400000000.0,,1,True,6.65, OIS 20260709 20260713 1YMXN MXN 28D1 200 28D1 200 2 - CME,True
BGC,20Y,IRS / Swap,IR,USD,114000000.0,,1,True,4.3725, OIS 20260709 20260713 20YUSD USD 12M1 176 12M1 176 5 - LCH,False
BGC,21M,IRS / Swap,IR,EUR,1000000000.0,,1,True,2.5475, OIS 20260709 20260713 21MEUR EUR 12M1 178 12M1 178 11 - ERX,False
BGC,21M,IRS / Swap,IR,EUR,1000000000.0,,1,True,2.5475, OIS 20260709 20260713 21MEUR EUR 12M1 178 12M1 178 5 - LCH,False
BGC,25Y,IRS / Swap,IR,USD,200000000.0,,1,True,4.36875, OIS 20260709 20260713 25YUSD USD 12M1 176 12M1 176 5 - LCHFCM,False
BGC,Other,IRS / Swap,IR,USD,12000000000.0,,1,True,3.620625, OIS 20260709 20260713 2WUSD USD 1T1 22 1T1 153 5 - LCH,False
BGC,Other,IRS / Swap,IR,USD,12000000000.0,,1,True,3.60875, OIS 20260709 20260713 2WUSD USD 1T1 22 1T1 176 5 - LCH,False
BGC,2Y,IRS / Swap,IR,JPY,74240000000.0,,1,True,1.47125, OIS 20260709 20260713 2YJPY JPY 12M5 128 12M5 128 5 - LCHFCM,False
BGC,2Y,IRS / Swap,IR,MXN,6195000000.0,,1,True,7.02, OIS 20260709 20260713 2YMXN MXN 28D1 200 28D1 200 2 - CME,True
BGC,2Y,IRS / Swap,IR,USD,250000000.0,,1,True,4.04875, OIS 20260709 20260713 2YUSD USD 12M1 22 12M1 176 5 - LCHFCM,False
BGC,30Y,IRS / Swap,IR,EUR,70000000.0,,1,True,3.1497, OIS 20260709 20260713 30YEUR EUR 12M1 178 12M1 178 5 - LCH,False
BGC,1W,FX,CU,USD,7000000.0,,1,True,6.80245,USDCNY NDF 14JUL2026 BILATERAL,False
BGC,1W,FX,CU,USD,4000000.0,,1,True,6.80251,USDCNY NDF 15JUL2026 BILATERAL,False
BGC,1W,FX,CU,USD,14000000.0,,1,True,6.8027,USDCNY NDF 16JUL2026 BILATERAL,False
BGC,1W,FX,CU,USD,13000000.0,,1,True,6.80245,USDCNY NDF 17JUL2026 BILATERAL,False
BGC,2W,FX,CU,USD,25000000.0,,1,True,6.8022,USDCNY NDF 20JUL2026 BILATERAL,False
BGC,2W,FX,CU,USD,11000000.0,,1,True,6.80095,USDCNY NDF 23JUL2026 BILATERAL,False
BGC,2W,FX,CU,USD,1000000.0,,1,True,6.80045,USDCNY NDF 27JUL2026 BILATERAL,False
BGC,3W,FX,CU,USD,3000000.0,,1,True,6.8002,USDCNY NDF 28JUL2026 BILATERAL,False
BGC,3W,FX,CU,USD,27000000.0,,1,True,6.7992,USDCNY NDF 30JUL2026 BILATERAL,False
BGC,3W,FX,CU,USD,3000000.0,,1,True,6.7987,USDCNY NDF 03AUG2026 BILATERAL,False
BGC,1M,FX,CU,USD,4000000.0,,1,True,6.79845,USDCNY NDF 04AUG2026 BILATERAL,False
BGC,1M,FX,CU,USD,35000000.0,,1,True,6.7982,USDCNY NDF 05AUG2026 BILATERAL,False
BGC,1M,FX,CU,USD,8000000.0,,1,True,6.79745,USDCNY NDF 06AUG2026 BILATERAL,False
BGC,1M,FX,CU,USD,10000000.0,,1,True,6.7972,USDCNY NDF 07AUG2026 BILATERAL,False
BGC,1M,FX,CU,USD,74000000.0,,1,True,6.79695,USDCNY NDF 10AUG2026 BILATERAL,False
BGC,1M,FX,CU,USD,228000000.0,,1,True,6.794,USDCNY NDF 11AUG2026 BILATERAL,False
BGC,1M,FX,CU,USD,28000000.0,,1,True,6.796,USDCNY NDF 12AUG2026 BILATERAL,False
BGC,1M,FX,CU,USD,22000000.0,,1,True,6.7952,USDCNY NDF 13AUG2026 BILATERAL,False
BGC,1M,FX,CU,USD,8000000.0,,1,True,6.79482,USDCNY NDF 14AUG2026 BILATERAL,False
BGC,1M,FX,CU,USD,31000000.0,,1,True,6.79445,USDCNY NDF 17AUG2026 BILATERAL,False
BGC,1M,FX,CU,USD,18000000.0,,1,True,6.79408,USDCNY NDF 18AUG2026 BILATERAL,False
BGC,2M,FX,CU,USD,25000000.0,,1,True,6.79182,USDCNY NDF 24AUG2026 BILATERAL,False
BGC,2M,FX,CU,USD,25000000.0,,1,True,6.78995,USDCNY NDF 27AUG2026 BILATERAL,False
BGC,2M,FX,CU,USD,53000000.0,,1,True,6.78958,USDCNY NDF 28AUG2026 BILATERAL,False
BGC,2M,FX,CU,USD,10000000.0,,1,True,6.78882,USDCNY NDF 01SEP2026 BILATERAL,False
BGC,2M,FX,CU,USD,44000000.0,,1,True,6.78845,USDCNY NDF 02SEP2026 BILATERAL,False
BGC,30Y,IRS / Swap,IR,EUR,25000000.0,,1,True,3.1534, OIS 20260709 20260713 30YEUR EUR 12M1 44 12M1 178 5 - LCHFCM,False
BGC,30Y,IRS / Swap,IR,USD,116000000.0,,1,True,4.30719, OIS 20260709 20260713 30YUSD USD 12M1 22 12M1 176 5 - LCH,False
BGC,3M,IRS / Swap,IR,EUR,1500000000.0,,1,True,2.27, OIS 20260709 20260713 3MEUR EUR 12M1 178 12M1 178 5 - LCH,False
BGC,3Y,IRS / Swap,IR,JPY,110000000000.0,,1,True,1.68375, OIS 20260709 20260713 3YJPY JPY 12M5 128 12M5 128 5 - LCHFCM,False
BGC,3Y,IRS / Swap,IR,JPY,10000000000.0,,1,True,1.66625, OIS 20260709 20260713 3YJPY JPY 12M5 128 12M5 128 8 - JSC,False
BGC,3Y,IRS / Swap,IR,MXN,2360000000.0,,1,True,7.285, OIS 20260709 20260713 3YMXN MXN 28D1 200 28D1 200 2 - CME,True
BGC,3Y,IRS / Swap,IR,USD,100000000.0,,1,True,4.01361, OIS 20260709 20260713 3YUSD USD 12M1 22 12M1 176 5 - LCH,False
BGC,4Y,IRS / Swap,IR,JPY,37840000000.0,,1,True,1.875, OIS 20260709 20260713 4YJPY JPY 12M5 128 12M5 128 5 - LCH,False
BGC,4Y,IRS / Swap,IR,MXN,3250000000.0,,1,True,7.48, OIS 20260709 20260713 4YMXN MXN 28D1 200 28D1 200 2 - CME,True
BGC,5Y,IRS / Swap,IR,EUR,250000000.0,,1,True,2.6383, OIS 20260709 20260713 5YEUR EUR 12M1 44 12M1 178 5 - LCH,False
BGC,5Y,IRS / Swap,IR,MXN,595000000.0,,1,True,7.61, OIS 20260709 20260713 5YMXN MXN 28D1 200 28D1 200 2 - CME,True
BGC,5Y,IRS / Swap,IR,SGD,13500000.0,,1,True,1.94, OIS 20260709 20260713 5YSGD SGD 6M5 182 6M5 182 5 - LCH,False
BGC,5Y,IRS / Swap,IR,USD,150000000.0,,1,True,4.0279, OIS 20260709 20260713 5YUSD USD 12M1 176 12M1 176 5 - LCH,False
BGC,5Y,IRS / Swap,IR,USD,491000000.0,,1,True,3.98793, OIS 20260709 20260713 5YUSD USD 12M1 22 12M1 176 5 - LCH,False
BGC,7Y,IRS / Swap,IR,MXN,235000000.0,,1,True,7.84, OIS 20260709 20260713 7YMXN MXN 28D1 200 28D1 200 2 - CME,True
BGC,18M,IRS / Swap,IR,COP,132000000000.0,,1,True,12.52, OIS 20260709 20260714 18MCOP COP 1T1 100 1T1 100 2 - CME,False
BGC,2Y,IRS / Swap,IR,COP,94000000000.0,,1,True,11.34, OIS 20260709 20260714 2YCOP COP 3M1 100 3M1 100 2 - CME,False
BGC,3M,IRS / Swap,IR,EUR,499100000.0,,1,True,2.25, OIS 20260709 20260714 3MEUR EUR 12M1 178 12M1 178 5 - LCHFCM,False
BGC,5Y,IRS / Swap,IR,USD,32000000.0,,1,True,3.975, OIS 20260709 20260714 5YUSD USD 12M1 176 12M1 176 5 - LCH,False
BGC,2M,FX,CU,USD,11000000.0,,1,True,6.78695,USDCNY NDF 04SEP2026 BILATERAL,False
BGC,2M,FX,CU,USD,10000000.0,,1,True,6.78658,USDCNY NDF 07SEP2026 BILATERAL,False
BGC,2M,FX,CU,USD,3000000.0,,1,True,6.7847,USDCNY NDF 10SEP2026 BILATERAL,False
BGC,2M,FX,CU,USD,22000000.0,,1,True,6.78422,USDCNY NDF 11SEP2026 BILATERAL,False
BGC,2M,FX,CU,USD,69000000.0,,1,True,6.78373,USDCNY NDF 14SEP2026 BILATERAL,False
BGC,2M,FX,CU,USD,25000000.0,,1,True,6.78277,USDCNY NDF 16SEP2026 BILATERAL,False
BGC,3M,FX,CU,USD,24000000.0,,1,True,6.77794,USDCNY NDF 23SEP2026 BILATERAL,False
BGC,3M,FX,CU,USD,24000000.0,,1,True,6.77263,USDCNY NDF 30SEP2026 BILATERAL,False
BGC,3M,FX,CU,USD,110000000.0,,1,True,6.7675,USDCNY NDF 09OCT2026 BILATERAL,False
BGC,6M,FX,CU,USD,205000000.0,,1,True,6.727,USDCNY NDF 11JAN2027 BILATERAL,False
BGC,1Y,FX,CU,USD,100000000.0,,1,True,3.425,USDCNY CALL 50D TOKYO 09JUL2027 C1 BILATERAL,False
BGC,18M,FX,CU,USD,83000000.0,,1,True,3.6,USDCNY CALL 50D TOKYO 11JAN2028 C3 BILATERAL,False
BGC,1Y,FX,CU,USD,100000000.0,,1,True,3.425,USDCNY CALL 50D TOKYO 09JUL2027 C1 BILATERAL,False
BGC,18M,FX,CU,USD,83500000.0,,1,True,3.6,USDCNY CALL 50D TOKYO 11JAN2028 C3 BILATERAL,False
BGC,1Y,FX,CU,USD,100000000.0,,1,True,3.425,USDCNY PUT 50D TOKYO 09JUL2027 P2 BILATERAL,False
BGC,18M,FX,CU,USD,83000000.0,,1,True,3.6,USDCNY PUT 50D TOKYO 11JAN2028 P4 BILATERAL,False
BGC,1Y,FX,CU,USD,100000000.0,,1,True,3.425,USDCNY PUT 50D TOKYO 09JUL2027 P2 BILATERAL,False
BGC,18M,FX,CU,USD,83500000.0,,1,True,3.6,USDCNY PUT 50D TOKYO 11JAN2028 P4 BILATERAL,False
BGC,ON,FX,CU,USD,86000000.0,,1,True,3308.74,USDCOP NDF 10JUL2026 BILATERAL,False
BGC,1M,FX,CU,USD,106000000.0,,1,True,3325.0,USDCOP NDF 12AUG2026 BILATERAL,False
BGC,9M,FX,CU,USD,20000000.0,,1,True,3522.5,USDCOP NDF 12APR2027 BILATERAL,False
BGC,1W,FX,CU,USD,10000000.0,,1,True,18113.42,USDIDR NDF 13JUL2026 BILATERAL,False
BGC,1W,FX,CU,USD,1000000.0,,1,True,18117.07,USDIDR NDF 15JUL2026 BILATERAL,False
BGC,1W,FX,CU,USD,9000000.0,,1,True,18122.54,USDIDR NDF 16JUL2026 BILATERAL,False
BGC,2W,FX,CU,USD,1000000.0,,1,True,18125.62,USDIDR NDF 20JUL2026 BILATERAL,False
BGC,2W,FX,CU,USD,5000000.0,,1,True,18127.16,USDIDR NDF 21JUL2026 BILATERAL,False
BGC,3M,IRS / Swap,IR,EUR,1600000000.0,,1,True,2.272, OIS 20260709 20260715 3MEUR EUR 12M1 178 12M1 178 5 - LCHFCM,False
BGC,6M,IRS / Swap,IR,EUR,1000000000.0,,1,True,2.377, OIS 20260709 20260715 6MEUR EUR 12M1 178 12M1 178 5 - LCH,False
BGC,2M,IRS / Swap,IR,USD,4000000000.0,,1,True,3.69375, OIS 20260709 20260729 2MUSD USD 1T1 153 1T1 153 5 - LCHFCM,False
BGC,2M,IRS / Swap,IR,USD,3000000000.0,,1,True,3.691875, OIS 20260709 20260729 2MUSD USD 1T1 22 1T1 153 5 - LCH,False
BGC,1M,IRS / Swap,IR,NZD,1310000000.0,,1,True,2.72, OIS 20260709 20260903 1MNZD NZD 1T5 152 1T5 152 5 - LCH,False
BGC,1M,IRS / Swap,IR,NZD,3270000000.0,,1,True,2.72, OIS 20260709 20260903 1MNZD NZD 1T5 152 1T5 152 5 - LCH,False
BGC,2M,IRS / Swap,IR,EUR,2500000000.0,,1,True,2.399, OIS 20260709 20260916 2MEUR EUR 12M1 178 12M1 178 5 - LCH,False
BGC,1M,IRS / Swap,IR,JPY,250000000000.0,,1,True,1.04125, OIS 20260709 20260924 1MJPY JPY 12M5 128 12M5 128 16 - LCHFCM,False
BGC,2M,IRS / Swap,IR,USD,6672000000.0,,1,True,3.86625, OIS 20260709 20261028 2MUSD USD 1T1 22 1T1 153 5 - LCH,False
BGC,2M,IRS / Swap,IR,NZD,1748000000.0,,1,True,2.82, OIS 20260709 20261029 2MNZD NZD 1T5 152 1T5 152 5 - LCH,False
BGC,1M,IRS / Swap,IR,EUR,2500000000.0,,1,True,2.453, OIS 20260709 20261104 1MEUR EUR 12M1 178 12M1 178 5 - LCHFCM,False
BGC,1M,IRS / Swap,IR,USD,5750000000.0,,1,True,3.96125, OIS 20260709 20261209 1MUSD USD 1T1 153 1T1 153 5 - LCH,False
BGC,10Y,IRS / Swap,IR,CAD,200000000.0,,1,True,2.5, XBS 20260709 20260713 10YCAD USD 3M5 129 3M1 176 0,False
BGC,10Y,IRS / Swap,IR,EUR,55000000.0,,1,True,-3.375, XBS 20260709 20260713 10YEUR USD 3M1 178 3M1 176 1,False
BGC,12M,IRS / Swap,IR,AUD,520000000.0,,1,True,0.0, XBS 20260709 20260713 12MAUD USD 3M5 140 3M1 176 0,False
BGC,12M,IRS / Swap,IR,GBP,200000000.0,,1,True,2.5, XBS 20260709 20260713 12MGBP USD 3M5 175 3M1 176 0,False
BGC,18M,IRS / Swap,IR,CAD,250000000.0,,1,True,-10.5, XBS 20260709 20260713 18MCAD USD 3M5 129 3M1 176 0,False
BGC,1Y,IRS / Swap,IR,USD,51300000.0,,1,True,0.0, XBS 20260709 20260713 1YUSD MXN 28D1 176 28D1 200 0,True
BGC,2Y,IRS / Swap,IR,AUD,267500000.0,,1,True,1.25, XBS 20260709 20260713 2YAUD USD 3M5 140 3M1 176 0,False
BGC,2W,FX,CU,USD,1000000.0,,1,True,18128.71,USDIDR NDF 22JUL2026 BILATERAL,False
BGC,2W,FX,CU,USD,3000000.0,,1,True,18133.33,USDIDR NDF 23JUL2026 BILATERAL,False
BGC,3W,FX,CU,USD,9000000.0,,1,True,18139.5,USDIDR NDF 29JUL2026 BILATERAL,False
BGC,1M,FX,CU,USD,19000000.0,,1,True,18154.92,USDIDR NDF 06AUG2026 BILATERAL,False
BGC,1M,FX,CU,USD,61000000.0,,1,True,18141.0,USDIDR NDF 11AUG2026 BILATERAL,False
BGC,3M,FX,CU,USD,15000000.0,,1,True,18247.5,USDIDR NDF 09OCT2026 BILATERAL,False
BGC,2W,FX,CU,USD,50000000.0,,1,True,7.5,USDIDR CALL 18000 JAKARTA 21JUL2026 C1 BILATERAL,False
BGC,2W,FX,CU,USD,5000000.0,,1,True,7.7,USDIDR CALL 50D JAKARTA 23JUL2026 C1 BILATERAL,False
BGC,1W,FX,CU,USD,50000000.0,,1,True,7.0,USDIDR PUT 18150 JAKARTA 14JUL2026 P2 BILATERAL,False
BGC,2W,FX,CU,USD,5000000.0,,1,True,7.7,USDIDR PUT 50D JAKARTA 23JUL2026 P2 BILATERAL,False
BGC,ON,FX,CU,USD,18000000.0,,1,True,95.4833,USDINR NDF 10JUL2026 BILATERAL,False
BGC,1W,FX,CU,USD,280000000.0,,1,True,95.4924,USDINR NDF 13JUL2026 BILATERAL,False
BGC,1W,FX,CU,USD,101000000.0,,1,True,95.5014,USDINR NDF 14JUL2026 BILATERAL,False
BGC,1W,FX,CU,USD,78000000.0,,1,True,95.5104,USDINR NDF 15JUL2026 BILATERAL,False
BGC,1W,FX,CU,USD,260000000.0,,1,True,95.5376,USDINR NDF 16JUL2026 BILATERAL,False
BGC,1W,FX,CU,USD,98000000.0,,1,True,95.5463,USDINR NDF 17JUL2026 BILATERAL,False
BGC,2W,FX,CU,USD,207000000.0,,1,True,95.555,USDINR NDF 20JUL2026 BILATERAL,False
BGC,2W,FX,CU,USD,105000000.0,,1,True,95.5636,USDINR NDF 21JUL2026 BILATERAL,False
BGC,2W,FX,CU,USD,315000000.0,,1,True,95.5723,USDINR NDF 22JUL2026 BILATERAL,False
BGC,2W,FX,CU,USD,150000000.0,,1,True,95.5984,USDINR NDF 23JUL2026 BILATERAL,False
BGC,2W,FX,CU,USD,84000000.0,,1,True,95.6071,USDINR NDF 24JUL2026 BILATERAL,False
BGC,2W,FX,CU,USD,82000000.0,,1,True,95.6157,USDINR NDF 27JUL2026 BILATERAL,False
BGC,3W,FX,CU,USD,309000000.0,,1,True,95.6244,USDINR NDF 28JUL2026 BILATERAL,False
BGC,3W,FX,CU,USD,352000000.0,,1,True,95.6331,USDINR NDF 29JUL2026 BILATERAL,False
BGC,3W,FX,CU,USD,256000000.0,,1,True,95.6656,USDINR NDF 30JUL2026 BILATERAL,False
BGC,3W,FX,CU,USD,52000000.0,,1,True,95.6743,USDINR NDF 31JUL2026 BILATERAL,False
BGC,2Y,IRS / Swap,IR,CAD,125000000.0,,1,True,-9.25, XBS 20260709 20260713 2YCAD USD 3M5 129 3M1 176 0,False
BGC,2Y,IRS / Swap,IR,GBP,220400000.0,,1,True,2.625, XBS 20260709 20260713 2YGBP USD 3M5 175 3M1 176 0,False
BGC,30Y,IRS / Swap,IR,EUR,50000000.0,,1,True,4.25, XBS 20260709 20260713 30YEUR USD 3M1 178 3M1 176 1,False
BGC,3Y,IRS / Swap,IR,AUD,178750000.0,,1,True,1.5, XBS 20260709 20260713 3YAUD USD 3M5 140 3M1 176 0,False
BGC,3Y,IRS / Swap,IR,GBP,150000000.0,,1,True,2.375, XBS 20260709 20260713 3YGBP USD 3M5 175 3M1 176 0,False
BGC,4Y,IRS / Swap,IR,CAD,325000000.0,,1,True,-5.75, XBS 20260709 20260713 4YCAD USD 3M5 129 3M1 176 0,False
BGC,4Y,IRS / Swap,IR,GBP,250000000.0,,1,True,2.0, XBS 20260709 20260713 4YGBP USD 3M5 175 3M1 176 0,False
BGC,5Y,IRS / Swap,IR,AUD,283750000.0,,1,True,2.25, XBS 20260709 20260713 5YAUD USD 3M5 140 3M1 176 0,False
BGC,6Y,IRS / Swap,IR,USD,19000000.0,,1,True,0.0, XBS 20260709 20260713 6YUSD CLP 6M1 176 6M1 203 0,False
BGC,9M,IRS / Swap,IR,AUD,675000000.0,,1,True,4.0, XBS 20260709 20260713 9MAUD USD 3M5 151 3M1 176 0,False
BGC,10Y,IRS / Swap,IR,NZD,25000000.0,,1,True,1.25, XBS 20260709 20260714 10YNZD USD 3M5 143 3M1 176 0,False
BGC,8Y,IRS / Swap,IR,NZD,100000000.0,,1,True,-0.5, XBS 20260709 20260714 8YNZD USD 3M5 143 3M1 176 0,False
BGC,3M,IRS / Swap,IR,AUD,707000000.0,,1,True,6.75, XBS 20260709 20261216 3MAUD USD 3M5 151 3M1 176 0,False
BGC,18M,IRS / Swap,IR,TRY,473433460.0,,1,True,39.984, XCY 20260709 20260713 18MTRY USD 12M1 51 3M1 102 0,False
BGC,4Y,IRS / Swap,IR,CNH,67975000.0,,1,True,1.28, XCY 20260709 20260713 4YCNH USD 3M1 73 3M1 176 0,False
BGC,6M,IRS / Swap,IR,TRY,10536183658.0,,1,True,36.5, XCY 20260709 20260713 6MTRY USD 12M1 51 3M1 102 0,False
BGC,9M,IRS / Swap,IR,TRY,7659440360.0,,1,True,38.7, XCY 20260709 20260713 9MTRY USD 12M1 51 3M1 102 0,False
BGC,5Y,IRS / Swap,IR,USD,100000000.0,,1,True,16.0, OPT 20260709 20260714 5YUSD USD 12M1 22 12M1 176 0,False
BGC,12M,IRS / Swap,IR,USD,250000000.0,,1,True,25.25, OPT 20260709 20260911 12MUSD USD 12M1 0 12M1 176 0,False
BGC,30Y,IRS / Swap,IR,USD,50000000.0,,1,True,321.0, OPT 20260709 20260911 30YUSD USD 12M1 22 12M1 176 0,False
BGC,12M,IRS / Swap,IR,USD,250000000.0,,1,True,32.5, OPT 20260709 20261014 12MUSD USD 12M1 0 12M1 176 0,False
BGC,3W,FX,CU,USD,41000000.0,,1,True,95.683,USDINR NDF 03AUG2026 BILATERAL,False
BGC,1M,FX,CU,USD,97000000.0,,1,True,95.6917,USDINR NDF 04AUG2026 BILATERAL,False
BGC,1M,FX,CU,USD,53000000.0,,1,True,95.7004,USDINR NDF 05AUG2026 BILATERAL,False
BGC,1M,FX,CU,USD,406000000.0,,1,True,95.7265,USDINR NDF 06AUG2026 BILATERAL,False
BGC,1M,FX,CU,USD,139000000.0,,1,True,95.7352,USDINR NDF 07AUG2026 BILATERAL,False
BGC,1M,FX,CU,USD,132000000.0,,1,True,95.7439,USDINR NDF 10AUG2026 BILATERAL,False
BGC,1M,FX,CU,USD,577000000.0,,1,True,95.7526,USDINR NDF 11AUG2026 BILATERAL,False
BGC,1M,FX,CU,USD,143000000.0,,1,True,95.7608,USDINR NDF 12AUG2026 BILATERAL,False
BGC,1M,FX,CU,USD,35000000.0,,1,True,95.7854,USDINR NDF 13AUG2026 BILATERAL,False
BGC,1M,FX,CU,USD,11000000.0,,1,True,95.7936,USDINR NDF 14AUG2026 BILATERAL,False
BGC,1M,FX,CU,USD,11000000.0,,1,True,95.8018,USDINR NDF 17AUG2026 BILATERAL,False
BGC,1M,FX,CU,USD,23000000.0,,1,True,95.81,USDINR NDF 18AUG2026 BILATERAL,False
BGC,1M,FX,CU,USD,33000000.0,,1,True,95.8182,USDINR NDF 19AUG2026 BILATERAL,False
BGC,1M,FX,CU,USD,55000000.0,,1,True,95.8428,USDINR NDF 20AUG2026 BILATERAL,False
BGC,1M,FX,CU,USD,11000000.0,,1,True,95.851,USDINR NDF 21AUG2026 BILATERAL,False
BGC,2M,FX,CU,USD,9000000.0,,1,True,95.8756,USDINR NDF 25AUG2026 BILATERAL,False
BGC,2M,FX,CU,USD,79000000.0,,1,True,95.9152,USDINR NDF 28AUG2026 BILATERAL,False
BGC,2M,FX,CU,USD,15000000.0,,1,True,95.9316,USDINR NDF 01SEP2026 BILATERAL,False
BGC,2M,FX,CU,USD,78000000.0,,1,True,95.9726,USDINR NDF 04SEP2026 BILATERAL,False
BGC,2M,FX,CU,USD,23000000.0,,1,True,95.9809,USDINR NDF 07SEP2026 BILATERAL,False
BGC,2M,FX,CU,USD,310000000.0,,1,True,95.915,USDINR NDF 10SEP2026 BILATERAL,False
BGC,2M,FX,CU,USD,130000000.0,,1,True,96.0383,USDINR NDF 11SEP2026 BILATERAL,False
BGC,2M,FX,CU,USD,3000000.0,,1,True,95.9562,USDINR NDF 15SEP2026 BILATERAL,False
BGC,2M,FX,CU,USD,150000000.0,,1,True,96.0548,USDINR NDF 16SEP2026 BILATERAL,False
BGC,2M,FX,CU,USD,30000000.0,,1,True,96.0795,USDINR NDF 17SEP2026 BILATERAL,False
BGC,2M,FX,CU,USD,1000000.0,,1,True,96.1043,USDINR NDF 22SEP2026 BILATERAL,False
BGC,3M,FX,CU,USD,20000000.0,,1,True,96.0199,USDINR NDF 23SEP2026 BILATERAL,False
BGC,12M,IRS / Swap,IR,EUR,250000000.0,,1,True,55.5, OPT 20260709 20270713 12MEUR EUR 12M2 44 3M1 167 1,False
BGC,5Y,IRS / Swap,IR,USD,100000000.0,,1,True,309.0, OPT 20260709 20270713 5YUSD USD 12M1 22 12M1 176 0,False
BGC,10Y,IRS / Swap,IR,USD,44000000.0,,1,True,740.0, OPT 20260709 20280712 10YUSD USD 12M1 0 12M1 176 0,False
BGC,10Y,IRS / Swap,IR,USD,37500000.0,,1,True,912.0, OPT 20260709 20290711 10YUSD USD 12M1 0 12M1 176 0,False
BGC,12M,IRS / Swap,IR,USD,750000000.0,,1,True,206.0, OPT 20260709 20360711 12MUSD USD 12M1 0 12M1 176 0,False
BGC,20Y,IRS / Swap,IR,USD,25000000.0,,1,True,2521.0, OPT 20260709 20360711 20YUSD USD 12M1 22 12M1 176 0,False
BGC,3M,FX,CU,USD,7000000.0,,1,True,96.0438,USDINR NDF 24SEP2026 BILATERAL,False
BGC,3M,FX,CU,USD,2000000.0,,1,True,96.0517,USDINR NDF 25SEP2026 BILATERAL,False
BGC,3M,FX,CU,USD,25000000.0,,1,True,96.0597,USDINR NDF 28SEP2026 BILATERAL,False
BGC,3M,FX,CU,USD,27000000.0,,1,True,96.1066,USDINR NDF 30SEP2026 BILATERAL,False
BGC,3M,FX,CU,USD,1000000.0,,1,True,96.2099,USDINR NDF 01OCT2026 BILATERAL,False
BGC,3M,FX,CU,USD,1000000.0,,1,True,96.2182,USDINR NDF 05OCT2026 BILATERAL,False
BGC,3M,FX,CU,USD,29000000.0,,1,True,96.2264,USDINR NDF 06OCT2026 BILATERAL,False
BGC,3M,FX,CU,USD,293000000.0,,1,True,96.1703,USDINR NDF 09OCT2026 BILATERAL,False
BGC,1M,FX,CU,USD,15000000.0,,1,True,5.3,USDINR CALL 50D MUMBAI 11AUG2026 C1 BILATERAL,False
BGC,1M,FX,CU,USD,15000000.0,,1,True,5.3,USDINR PUT 50D MUMBAI 11AUG2026 P2 BILATERAL,False
BGC,Other,FX,CU,USD,25000000.0,,1,True,8.4,USDJPY CALL 50D NEW YORK 11JUL2029 C1 BILATERAL,False
BGC,Other,FX,CU,USD,22500000.0,,1,True,8.35,USDJPY CALL 50D NEW YORK 11JUL2030 C3 BILATERAL,False
BGC,Other,FX,CU,USD,50000000.0,,1,True,9.1,USDJPY CALL 125 NEW YORK 11JUL2030 C1 BILATERAL,False
BGC,2W,FX,CU,USD,21000000.0,,1,True,5.8,USDJPY CALL 50D NEW YORK 20JUL2026 C1 BILATERAL,False
BGC,Other,FX,CU,USD,62500000.0,,1,True,8.4,USDJPY CALL 44D NEW YORK 11JUL2029 C1 BILATERAL,False
BGC,1M,FX,CU,USD,50000000.0,,1,True,9.2,USDJPY CALL 156 NEW YORK 11AUG2026 C1 BILATERAL,False
BGC,2M,FX,CU,USD,80000000.0,,1,True,7.175,USDJPY CALL 160 NEW YORK 03SEP2026 C1 BILATERAL,False
BGC,2W,FX,CU,USD,36750000.0,,1,True,5.8,USDJPY CALL 50D NEW YORK 20JUL2026 C1 BILATERAL,False
BGC,2M,FX,CU,USD,270000000.0,,1,True,7.175,USDJPY CALL 160 NEW YORK 03SEP2026 C1 BILATERAL,False
BGC,6M,FX,CU,USD,25000000.0,,1,True,8.325,USDJPY CALL 25D NEW YORK 08DEC2026 C1 BILATERAL,False
BGC,Other,FX,CU,USD,25000000.0,,1,True,8.4,USDJPY PUT 50D NEW YORK 11JUL2029 P2 BILATERAL,False
BGC,Other,FX,CU,USD,22500000.0,,1,True,8.35,USDJPY PUT 50D NEW YORK 11JUL2030 P4 BILATERAL,False
BGC,2W,FX,CU,USD,21000000.0,,1,True,5.8,USDJPY PUT 50D NEW YORK 20JUL2026 P2 BILATERAL,False
BGC,Other,FX,CU,USD,62500000.0,,1,True,8.4,USDJPY PUT 44D NEW YORK 11JUL2029 P2 BILATERAL,False
BGC,ON,FX,CU,USD,25000000.0,,1,True,7.85,USDJPY PUT 162.9 NEW YORK 10JUL2026 P1 BILATERAL,False
BGC,2W,FX,CU,USD,2750000.0,,1,True,1172500.0,USDJPY PUT D NEW YORK 20JUL2026 P1 BILATERAL,False
BGC,2W,FX,CU,USD,36750000.0,,1,True,5.8,USDJPY PUT 50D NEW YORK 20JUL2026 P2 BILATERAL,False
BGC,6M,FX,CU,USD,25000000.0,,1,True,7.9,USDJPY PUT 25D NEW YORK 08DEC2026 P2 BILATERAL,False
BGC,ON,FX,CU,USD,101000000.0,,1,True,1509.75,USDKRW NDF 10JUL2026 BILATERAL,False
BGC,1W,FX,CU,USD,73000000.0,,1,True,1509.725,USDKRW NDF 13JUL2026 BILATERAL,False
BGC,1W,FX,CU,USD,5000000.0,,1,True,1512.31,USDKRW NDF 14JUL2026 BILATERAL,False
BGC,1W,FX,CU,USD,128000000.0,,1,True,1508.87,USDKRW NDF 15JUL2026 BILATERAL,False
BGC,1W,FX,CU,USD,7000000.0,,1,True,1512.164,USDKRW NDF 16JUL2026 BILATERAL,False
BGC,2W,FX,CU,USD,11000000.0,,1,True,1512.139,USDKRW NDF 20JUL2026 BILATERAL,False
BGC,2W,FX,CU,USD,9000000.0,,1,True,1512.114,USDKRW NDF 21JUL2026 BILATERAL,False
BGC,2W,FX,CU,USD,10000000.0,,1,True,1512.089,USDKRW NDF 22JUL2026 BILATERAL,False
BGC,2W,FX,CU,USD,8000000.0,,1,True,1512.014,USDKRW NDF 23JUL2026 BILATERAL,False
BGC,2W,FX,CU,USD,37000000.0,,1,True,1511.964,USDKRW NDF 27JUL2026 BILATERAL,False
BGC,3W,FX,CU,USD,27000000.0,,1,True,1511.939,USDKRW NDF 28JUL2026 BILATERAL,False
BGC,3W,FX,CU,USD,9000000.0,,1,True,1511.914,USDKRW NDF 29JUL2026 BILATERAL,False
BGC,3W,FX,CU,USD,92000000.0,,1,True,1511.839,USDKRW NDF 30JUL2026 BILATERAL,False
BGC,3W,FX,CU,USD,197000000.0,,1,True,1511.814,USDKRW NDF 31JUL2026 BILATERAL,False
BGC,1M,FX,CU,USD,60000000.0,,1,True,1512.6,USDKRW NDF 04AUG2026 BILATERAL,False
BGC,1M,FX,CU,USD,359000000.0,,1,True,1511.664,USDKRW NDF 06AUG2026 BILATERAL,False
BGC,1M,FX,CU,USD,100000000.0,,1,True,1511.639,USDKRW NDF 07AUG2026 BILATERAL,False
BGC,1M,FX,CU,USD,4000000.0,,1,True,1511.614,USDKRW NDF 10AUG2026 BILATERAL,False
BGC,1M,FX,CU,USD,472064470.0,,1,True,1506.388,USDKRW NDF 11AUG2026 BILATERAL,False
BGC,1M,FX,CU,USD,165000000.0,,1,True,1511.555,USDKRW NDF 12AUG2026 BILATERAL,False
BGC,1M,FX,CU,USD,99000000.0,,1,True,1511.417,USDKRW NDF 13AUG2026 BILATERAL,False
BGC,1M,FX,CU,USD,1000000.0,,1,True,1511.383,USDKRW NDF 14AUG2026 BILATERAL,False
BGC,1M,FX,CU,USD,14000000.0,,1,True,1511.348,USDKRW NDF 18AUG2026 BILATERAL,False
BGC,1M,FX,CU,USD,14000000.0,,1,True,1511.211,USDKRW NDF 20AUG2026 BILATERAL,False
BGC,1M,FX,CU,USD,26000000.0,,1,True,1511.177,USDKRW NDF 21AUG2026 BILATERAL,False
BGC,2M,FX,CU,USD,29000000.0,,1,True,1511.108,USDKRW NDF 25AUG2026 BILATERAL,False
BGC,2M,FX,CU,USD,52000000.0,,1,True,1511.073,USDKRW NDF 26AUG2026 BILATERAL,False
BGC,2M,FX,CU,USD,62000000.0,,1,True,1510.97,USDKRW NDF 27AUG2026 BILATERAL,False
BGC,2M,FX,CU,USD,59000000.0,,1,True,1510.936,USDKRW NDF 28AUG2026 BILATERAL,False
BGC,2M,FX,CU,USD,62000000.0,,1,True,1510.833,USDKRW NDF 02SEP2026 BILATERAL,False
BGC,2M,FX,CU,USD,1000000.0,,1,True,1510.695,USDKRW NDF 04SEP2026 BILATERAL,False
BGC,2M,FX,CU,USD,1000000.0,,1,True,1510.661,USDKRW NDF 07SEP2026 BILATERAL,False
BGC,2M,FX,CU,USD,48000000.0,,1,True,1510.627,USDKRW NDF 08SEP2026 BILATERAL,False
BGC,2M,FX,CU,USD,50000000.0,,1,True,1508.9,USDKRW NDF 10SEP2026 BILATERAL,False
BGC,2M,FX,CU,USD,107000000.0,,1,True,1510.412,USDKRW NDF 14SEP2026 BILATERAL,False
BGC,2M,FX,CU,USD,4000000.0,,1,True,1510.145,USDKRW NDF 21SEP2026 BILATERAL,False
BGC,3M,FX,CU,USD,235000000.0,,1,True,1506.4,USDKRW NDF 08OCT2026 BILATERAL,False
BGC,6M,FX,CU,USD,80000000.0,,1,True,1507.1,USDKRW NDF 14DEC2026 BILATERAL,False
BGC,6M,FX,CU,USD,65000000.0,,1,True,1502.5,USDKRW NDF 11JAN2027 BILATERAL,False
BGC,9M,FX,CU,USD,50000000.0,,1,True,1499.3,USDKRW NDF 09APR2027 BILATERAL,False
BGC,1W,FX,CU,USD,25000000.0,,1,True,12.4,USDKRW CALL 50D SEOUL 16JUL2026 C1 BILATERAL,False
BGC,1M,FX,CU,USD,11500000.0,,1,True,10.9,USDKRW CALL 50D SEOUL 11AUG2026 C3 BILATERAL,False
BGC,1W,FX,CU,USD,25000000.0,,1,True,12.4,USDKRW PUT 50D SEOUL 16JUL2026 P2 BILATERAL,False
BGC,1M,FX,CU,USD,11500000.0,,1,True,10.9,USDKRW PUT 50D SEOUL 11AUG2026 P4 BILATERAL,False
BGC,1M,FX,CU,USD,15000000.0,,1,True,7.3,USDMXN CALL 25D NEW YORK 11AUG2026 C1 BILATERAL,True
BGC,1M,FX,CU,USD,15000000.0,,1,True,7.05,USDMXN CALL 10D NEW YORK 11AUG2026 C1 BILATERAL,True
BGC,1M,FX,CU,USD,40000000.0,,1,True,7.05,USDMXN CALL 10D NEW YORK 11AUG2026 C1 BILATERAL,True
BGC,1M,FX,CU,USD,40000000.0,,1,True,7.3,USDMXN CALL 25D NEW YORK 11AUG2026 C1 BILATERAL,True
BGC,1M,FX,CU,USD,16500000.0,,1,True,9.25,USDMXN PUT 25D NEW YORK 11AUG2026 P2 BILATERAL,True
BGC,1M,FX,CU,USD,19500000.0,,1,True,10.95,USDMXN PUT 10D NEW YORK 11AUG2026 P2 BILATERAL,True
BGC,1M,FX,CU,USD,52000000.0,,1,True,10.95,USDMXN PUT 10D NEW YORK 11AUG2026 P2 BILATERAL,True
BGC,1M,FX,CU,USD,44000000.0,,1,True,9.25,USDMXN PUT 25D NEW YORK 11AUG2026 P2 BILATERAL,True
BGC,ON,FX,CU,USD,12000000.0,,1,True,4.077597,USDMYR NDF 10JUL2026 BILATERAL,False
BGC,1W,FX,CU,USD,24000000.0,,1,True,4.077554,USDMYR NDF 13JUL2026 BILATERAL,False
BGC,1W,FX,CU,USD,7000000.0,,1,True,4.077469,USDMYR NDF 15JUL2026 BILATERAL,False
BGC,1W,FX,CU,USD,8000000.0,,1,True,4.07734,USDMYR NDF 16JUL2026 BILATERAL,False
BGC,3W,FX,CU,USD,9000000.0,,1,True,4.076173,USDMYR NDF 30JUL2026 BILATERAL,False
BGC,1M,FX,CU,USD,12000000.0,,1,True,4.07559,USDMYR NDF 06AUG2026 BILATERAL,False
BGC,1M,FX,CU,USD,9000000.0,,1,True,4.075507,USDMYR NDF 07AUG2026 BILATERAL,False
BGC,1M,FX,CU,USD,14000000.0,,1,True,4.075423,USDMYR NDF 10AUG2026 BILATERAL,False
BGC,1M,FX,CU,USD,30000000.0,,1,True,4.07534,USDMYR NDF 11AUG2026 BILATERAL,False
BGC,1M,FX,CU,USD,13000000.0,,1,True,4.074202,USDMYR NDF 21AUG2026 BILATERAL,False
BGC,2M,FX,CU,USD,1000000.0,,1,True,4.074115,USDMYR NDF 24AUG2026 BILATERAL,False
BGC,2M,FX,CU,USD,14000000.0,,1,True,4.074028,USDMYR NDF 26AUG2026 BILATERAL,False
BGC,2M,FX,CU,USD,18000000.0,,1,True,4.07254,USDMYR NDF 10SEP2026 BILATERAL,False
BGC,2M,FX,CU,USD,21000000.0,,1,True,4.072219,USDMYR NDF 14SEP2026 BILATERAL,False
BGC,3M,FX,CU,USD,1000000.0,,1,True,4.070723,USDMYR NDF 29SEP2026 BILATERAL,False
BGC,3M,FX,CU,USD,1000000.0,,1,True,4.069868,USDMYR NDF 07OCT2026 BILATERAL,False
BGC,3M,FX,CU,USD,25000000.0,,1,True,4.06944,USDMYR NDF 09OCT2026 BILATERAL,False
BGC,ON,FX,CU,USD,20000000.0,,1,True,3.409,USDPEN NDF 09JUL2026 BILATERAL,False
BGC,ON,FX,CU,USD,74000000.0,,1,True,3.404,USDPEN NDF 10JUL2026 BILATERAL,False
BGC,1W,FX,CU,USD,134000000.0,,1,True,3.3985,USDPEN NDF 13JUL2026 BILATERAL,False
BGC,1W,FX,CU,USD,40000000.0,,1,True,3.3987,USDPEN NDF 14JUL2026 BILATERAL,False
BGC,1W,FX,CU,USD,29000000.0,,1,True,3.402,USDPEN NDF 15JUL2026 BILATERAL,False
BGC,1W,FX,CU,USD,50000000.0,,1,True,3.4049,USDPEN NDF 16JUL2026 BILATERAL,False
BGC,2W,FX,CU,USD,45000000.0,,1,True,3.4042,USDPEN NDF 21JUL2026 BILATERAL,False
BGC,2W,FX,CU,USD,29000000.0,,1,True,3.403,USDPEN NDF 22JUL2026 BILATERAL,False
BGC,1M,FX,CU,USD,20000000.0,,1,True,3.4129,USDPEN NDF 05AUG2026 BILATERAL,False
BGC,ON,FX,CU,USD,8000000.0,,1,True,61.6244,USDPHP NDF 10JUL2026 BILATERAL,False
BGC,1W,FX,CU,USD,9000000.0,,1,True,61.6268,USDPHP NDF 14JUL2026 BILATERAL,False
BGC,1W,FX,CU,USD,20000000.0,,1,True,61.6293,USDPHP NDF 16JUL2026 BILATERAL,False
BGC,1W,FX,CU,USD,7000000.0,,1,True,61.6377,USDPHP NDF 17JUL2026 BILATERAL,False
BGC,2W,FX,CU,USD,48000000.0,,1,True,61.6434,USDPHP NDF 21JUL2026 BILATERAL,False
BGC,2W,FX,CU,USD,28000000.0,,1,True,61.6462,USDPHP NDF 22JUL2026 BILATERAL,False
BGC,2W,FX,CU,USD,32000000.0,,1,True,61.649,USDPHP NDF 23JUL2026 BILATERAL,False
BGC,2W,FX,CU,USD,2000000.0,,1,True,61.6574,USDPHP NDF 24JUL2026 BILATERAL,False
BGC,2W,FX,CU,USD,6000000.0,,1,True,61.6602,USDPHP NDF 27JUL2026 BILATERAL,False
BGC,3W,FX,CU,USD,22000000.0,,1,True,61.663,USDPHP NDF 28JUL2026 BILATERAL,False
BGC,3W,FX,CU,USD,4000000.0,,1,True,61.6659,USDPHP NDF 29JUL2026 BILATERAL,False
BGC,3W,FX,CU,USD,4000000.0,,1,True,61.6687,USDPHP NDF 30JUL2026 BILATERAL,False
BGC,3W,FX,CU,USD,20000000.0,,1,True,61.6771,USDPHP NDF 31JUL2026 BILATERAL,False
BGC,3W,FX,CU,USD,14000000.0,,1,True,61.6799,USDPHP NDF 03AUG2026 BILATERAL,False
BGC,1M,FX,CU,USD,18000000.0,,1,True,61.6884,USDPHP NDF 06AUG2026 BILATERAL,False
BGC,1M,FX,CU,USD,1000000.0,,1,True,61.715,USDPHP NDF 07AUG2026 BILATERAL,False
BGC,1M,FX,CU,USD,80000000.0,,1,True,61.7044,USDPHP NDF 12AUG2026 BILATERAL,False
BGC,1M,FX,CU,USD,3000000.0,,1,True,61.7197,USDPHP NDF 18AUG2026 BILATERAL,False
BGC,1M,FX,CU,USD,3000000.0,,1,True,61.7325,USDPHP NDF 20AUG2026 BILATERAL,False
BGC,2M,FX,CU,USD,5000000.0,,1,True,61.7914,USDPHP NDF 15SEP2026 BILATERAL,False
BGC,2M,FX,CU,USD,1000000.0,,1,True,61.8097,USDPHP NDF 22SEP2026 BILATERAL,False
BGC,1W,FX,CU,USD,10000000.0,,1,True,6.5,USDPHP CALL 61.34 MANILA 16JUL2026 C1 BILATERAL,False
BGC,1W,FX,CU,USD,50000000.0,,1,True,4.1,USDSGD PUT 1.295 TOKYO 16JUL2026 P1 BILATERAL,False
